üåπüíå –ï–≤–≥–µ–Ω–∏–π –û–Ω–µ–≥–∏–Ω,üßô‚ú® –í–ª–∞—Å—Ç–µ–ª–∏–Ω –ö–æ–ª–µ—Ü,üëë‚öîÔ∏è –ò–≥—Ä–∞ –ø—Ä–µ—Å—Ç–æ–ª–æ–≤,üî•üê≤ Dragon Age,ü¶πüèª‚ù§Ô∏è –ê–ª—ã–µ —Å–µ—Ä–¥—Ü–∞ –ö–æ—Ä—ë
"–ù–∞–ø–∏—à–∏ –∏—Å—Ç–æ—Ä–∏—é –æ —Ç–æ–º, –∫–∞–∫ –û–Ω–µ–≥–∏–Ω –æ–±–Ω–∞—Ä—É–∂–∏–≤–∞–µ—Ç, —á—Ç–æ –æ–Ω ‚Äî –ø–æ—Ç–æ–º–æ–∫ –¥—Ä–µ–≤–Ω–µ–≥–æ —Ä–æ–¥–∞ –º–∞–≥–æ–≤, –∏ –¥–æ–ª–∂–µ–Ω —Å–ø–∞—Å—Ç–∏ –º–∏—Ä –æ—Ç —Ç—ë–º–Ω–æ–≥–æ –∫–æ–ª–¥—É–Ω–∞...","–ù–∞–ø–∏—à–∏ –∏—Å—Ç–æ—Ä–∏—é –æ —Ç–æ–º, –∫–∞–∫ –§—Ä–æ–¥–æ –∏ –°—ç–º –æ–±–Ω–∞—Ä—É–∂–∏–≤–∞—é—Ç —Å–∫—Ä—ã—Ç–æ–µ –∫–æ—Ä–æ–ª–µ–≤—Å—Ç–≤–æ —ç–ª—å—Ñ–æ–≤, –∫–æ—Ç–æ—Ä–æ–µ –º–æ–∂–µ—Ç –ø–æ–º–æ—á—å —É–Ω–∏—á—Ç–æ–∂–∏—Ç—å –ö–æ–ª—å—Ü–æ, –Ω–æ –µ–≥–æ –∂–∏—Ç–µ–ª–∏ –Ω–µ —Ö–æ—Ç—è—Ç –≤–º–µ—à–∏–≤–∞—Ç—å—Å—è –≤ –≤–æ–π–Ω—É...","–ù–∞–ø–∏—à–∏ –∏—Å—Ç–æ—Ä–∏—é –æ —Ç–æ–º, –∫–∞–∫ –î–∂–æ–Ω –°–Ω–æ—É –æ–±–Ω–∞—Ä—É–∂–∏–≤–∞–µ—Ç –¥—Ä–µ–≤–Ω–∏–π –∞—Ä—Ç–µ—Ñ–∞–∫—Ç –∑–∞ –°—Ç–µ–Ω–æ–π, –∫–æ—Ç–æ—Ä—ã–π –º–æ–∂–µ—Ç –æ—Å—Ç–∞–Ω–æ–≤–∏—Ç—å –ë–µ–ª—ã—Ö –•–æ–¥–æ–∫–æ–≤, –Ω–æ –µ–≥–æ –∏—Å–ø–æ–ª—å–∑–æ–≤–∞–Ω–∏–µ —Ç—Ä–µ–±—É–µ—Ç –∂–µ—Ä—Ç–≤—ã...","–ù–∞–ø–∏—à–∏ –∏—Å—Ç–æ—Ä–∏—é –æ —Ç–æ–º, –∫–∞–∫ —Å–µ—Ä—ã–π —Å—Ç—Ä–∞–∂–µ—Ü –æ–±–Ω–∞—Ä—É–∂–∏–≤–∞–µ—Ç –¥—Ä–µ–≤–Ω–∏–π –∞—Ä—Ç–µ—Ñ–∞–∫—Ç, –∫–æ—Ç–æ—Ä—ã–π –º–æ–∂–µ—Ç –æ—Å—Ç–∞–Ω–æ–≤–∏—Ç—å –ü–æ—Ä—á—É, –Ω–æ –µ–≥–æ –∏—Å–ø–æ–ª—å–∑–æ–≤–∞–Ω–∏–µ —É–≥—Ä–æ–∂–∞–µ—Ç —É–Ω–∏—á—Ç–æ–∂–∏—Ç—å –≤–µ—Å—å –º–∏—Ä...","–ù–∞–ø–∏—à–∏ –∏—Å—Ç–æ—Ä–∏—é –æ —Ç–æ–º, –∫–∞–∫ –•—ç –†—ë–Ω –∏ –Æ–Ω –°–æ–Ω —Å–ª—É—á–∞–π–Ω–æ –º–µ–Ω—è—é—Ç—Å—è —Ç–µ–ª–∞–º–∏ –∏–∑-–∑–∞ –¥—Ä–µ–≤–Ω–µ–≥–æ –∑–∞–∫–ª–∏–Ω–∞–Ω–∏—è –∏ –¥–æ–ª–∂–Ω—ã –Ω–∞—É—á–∏—Ç—å—Å—è –∂–∏—Ç—å –∂–∏–∑–Ω—å—é –¥—Ä—É–≥ –¥—Ä—É–≥–∞..."
"–ù–∞–ø–∏—à–∏ –∏—Å—Ç–æ—Ä–∏—é –æ —Ç–æ–º, –∫–∞–∫ –û–Ω–µ–≥–∏–Ω —É–∑–Ω–∞—ë—Ç, —á—Ç–æ –¢–∞—Ç—å—è–Ω–∞ ‚Äî –∏–∑–±—Ä–∞–Ω–Ω–∞—è, —Å–ø–æ—Å–æ–±–Ω–∞—è —É–ø—Ä–∞–≤–ª—è—Ç—å —Å—Ç–∏—Ö–∏—è–º–∏, –∏ –æ–Ω–∏ –≤–º–µ—Å—Ç–µ –¥–æ–ª–∂–Ω—ã –æ—Å—Ç–∞–Ω–æ–≤–∏—Ç—å –Ω–∞–¥–≤–∏–≥–∞—é—â—É—é—Å—è –º–∞–≥–∏—á–µ—Å–∫—É—é –∫–∞—Ç–∞—Å—Ç—Ä–æ—Ñ—É...","–ù–∞–ø–∏—à–∏ –∏—Å—Ç–æ—Ä–∏—é –æ —Ç–æ–º, –∫–∞–∫ –ê—Ä–∞–≥–æ—Ä–Ω –Ω–∞—Ö–æ–¥–∏—Ç –¥—Ä–µ–≤–Ω–∏–π –∞—Ä—Ç–µ—Ñ–∞–∫—Ç, –∫–æ—Ç–æ—Ä—ã–π –º–æ–∂–µ—Ç –ø–æ–º–æ—á—å –µ–º—É –≤ –±–æ—Ä—å–±–µ —Å –°–∞—É—Ä–æ–Ω–æ–º, –Ω–æ –µ–≥–æ –∏—Å–ø–æ–ª—å–∑–æ–≤–∞–Ω–∏–µ –ø—Ä–æ–±—É–∂–¥–∞–µ—Ç –¥—Ä–µ–≤–Ω–µ–µ –∑–ª–æ...","–ù–∞–ø–∏—à–∏ –∏—Å—Ç–æ—Ä–∏—é –æ —Ç–æ–º, –∫–∞–∫ –î–µ–π–µ–Ω–µ—Ä–∏—Å –ë—É—Ä–µ—Ä–æ–∂–¥—ë–Ω–Ω–∞—è –≤—Å—Ç—Ä–µ—á–∞–µ—Ç –¥—Ä–µ–≤–Ω–µ–≥–æ –¥—Ä–∞–∫–æ–Ω–∞, –∫–æ—Ç–æ—Ä—ã–π –∑–Ω–∞–µ—Ç —Å–µ–∫—Ä–µ—Ç—ã –µ—ë –ø—Ä–µ–¥–∫–æ–≤ –∏ –ø—Ä–µ–¥–ª–∞–≥–∞–µ—Ç –ø–æ–º–æ—â—å –≤ –∑–∞–≤–æ–µ–≤–∞–Ω–∏–∏ –ñ–µ–ª–µ–∑–Ω–æ–≥–æ –¢—Ä–æ–Ω–∞...","–ù–∞–ø–∏—à–∏ –∏—Å—Ç–æ—Ä–∏—é –æ —Ç–æ–º, –∫–∞–∫ –º–∞–≥ –∏–∑ –ö—Ä—É–≥–∞ –º–∞–≥–æ–≤ —Å–±–µ–≥–∞–µ—Ç –∏–∑ —Ç—é—Ä—å–º—ã –∏ –æ–±—ä–µ–¥–∏–Ω—è–µ—Ç—Å—è —Å –≥—Ä—É–ø–ø–æ–π –Ω–∞—ë–º–Ω–∏–∫–æ–≤, —á—Ç–æ–±—ã —Ä–∞—Å–∫—Ä—ã—Ç—å –∑–∞–≥–æ–≤–æ—Ä –≤–Ω—É—Ç—Ä–∏ –•—Ä–∞–º–∞...","–ù–∞–ø–∏—à–∏ –∏—Å—Ç–æ—Ä–∏—é –æ —Ç–æ–º, –∫–∞–∫ –•—ç –†—ë–Ω –æ–±–Ω–∞—Ä—É–∂–∏–≤–∞–µ—Ç, —á—Ç–æ –Æ–Ω –°–æ–Ω ‚Äî —ç—Ç–æ –ø—Ä–∏–Ω—Ü, –∏ —Ä–µ—à–∞–µ—Ç –ø–æ–º–æ—á—å –µ–º—É —Ä–∞—Å–∫—Ä—ã—Ç—å –∑–∞–≥–æ–≤–æ—Ä –ø—Ä–æ—Ç–∏–≤ –∫–æ—Ä–æ–ª–µ–≤—Å–∫–æ–π —Å–µ–º—å–∏..."
"–ù–∞–ø–∏—à–∏ –∏—Å—Ç–æ—Ä–∏—é –æ —Ç–æ–º, –∫–∞–∫ –û–Ω–µ–≥–∏–Ω –∏ –¢–∞—Ç—å—è–Ω–∞ –ø–æ–ø–∞–¥–∞—é—Ç –≤ –∑–∞—á–∞—Ä–æ–≤–∞–Ω–Ω—ã–π –ª–µ—Å, –≥–¥–µ –≤—Å—Ç—Ä–µ—á–∞—é—Ç —Ñ–µ–π, —ç–ª—å—Ñ–æ–≤ –∏ –¥—Ä—É–≥–∏—Ö –º–∏—Å—Ç–∏—á–µ—Å–∫–∏—Ö —Å—É—â–µ—Å—Ç–≤...","–ù–∞–ø–∏—à–∏ –∏—Å—Ç–æ—Ä–∏—é –æ —Ç–æ–º, –∫–∞–∫ –õ–µ–≥–æ–ª–∞—Å –∏ –ì–∏–º–ª–∏ –ø–æ–ø–∞–¥–∞—é—Ç –≤ –ª–æ–≤—É—à–∫—É –≤ –ø–æ–¥–∑–µ–º–µ–ª—å—è—Ö –ú–æ—Ä–∏–∏ –∏ –¥–æ–ª–∂–Ω—ã –æ–±—ä–µ–¥–∏–Ω–∏—Ç—å—Å—è, —á—Ç–æ–±—ã –≤—ã–∂–∏—Ç—å –∏ –Ω–∞–π—Ç–∏ –ø—É—Ç—å –∫ —Å–≤–æ–∏–º –¥—Ä—É–∑—å—è–º...","–ù–∞–ø–∏—à–∏ –∏—Å—Ç–æ—Ä–∏—é –æ —Ç–æ–º, –∫–∞–∫ –¢–∏—Ä–∏–æ–Ω –õ–∞–Ω–Ω–∏—Å—Ç–µ—Ä –æ–∫–∞–∑—ã–≤–∞–µ—Ç—Å—è –≤ –ø–ª–µ–Ω—É —É –Ω–µ–∏–∑–≤–µ—Å—Ç–Ω–æ–≥–æ –≤—Ä–∞–≥–∞ –∏ –¥–æ–ª–∂–µ–Ω –∏—Å–ø–æ–ª—å–∑–æ–≤–∞—Ç—å —Ç–æ–ª—å–∫–æ —Å–≤–æ–π —É–º, —á—Ç–æ–±—ã —Å–±–µ–∂–∞—Ç—å –∏ —Å–ø–∞—Å—Ç–∏ —Å–≤–æ–∏—Ö –¥—Ä—É–∑–µ–π...","–ù–∞–ø–∏—à–∏ –∏—Å—Ç–æ—Ä–∏—é –æ —Ç–æ–º, –∫–∞–∫ —ç–ª—å—Ñ-—Ä–∞–∑–≤–µ–¥—á–∏–∫ –∏–∑ –î–∞–ª–∏—à—Å–∫–æ–≥–æ –∫–ª–∞–Ω–∞ –Ω–∞—Ö–æ–¥–∏—Ç –¥—Ä–µ–≤–Ω–∏–π –ª–µ—Å, –≥–¥–µ –æ–±–∏—Ç–∞—é—Ç –∑–∞–±—ã—Ç—ã–µ –±–æ–≥–∏, –∏ –¥–æ–ª–∂–µ–Ω —Ä–µ—à–∏—Ç—å, —Å—Ç–æ–∏—Ç –ª–∏ –∏—Ö –ø—Ä–æ–±—É–¥–∏—Ç—å...","–ù–∞–ø–∏—à–∏ –∏—Å—Ç–æ—Ä–∏—é –æ —Ç–æ–º, –∫–∞–∫ –•—ç –†—ë–Ω –∏ –Æ–Ω –°–æ–Ω –ø–æ–ø–∞–¥–∞—é—Ç –≤ –ø–∞—Ä–∞–ª–ª–µ–ª—å–Ω—ã–π –º–∏—Ä, –≥–¥–µ –∏—Ö —Ä–æ–ª–∏ –ø–æ–ª–Ω–æ—Å—Ç—å—é –º–µ–Ω—è—é—Ç—Å—è: –æ–Ω–∞ ‚Äî –ø—Ä–∏–Ω—Ü–µ—Å—Å–∞, –∞ –æ–Ω ‚Äî –ø—Ä–æ—Å—Ç–æ–π –≤—Ä–∞—á..."
"–ù–∞–ø–∏—à–∏ –∏—Å—Ç–æ—Ä–∏—é –æ —Ç–æ–º, –∫–∞–∫ –û–Ω–µ–≥–∏–Ω –Ω–∞—Ö–æ–¥–∏—Ç —Å—Ç–∞—Ä–∏–Ω–Ω—ã–π –¥–Ω–µ–≤–Ω–∏–∫, –∫–æ—Ç–æ—Ä—ã–π –ø–µ—Ä–µ–Ω–æ—Å–∏—Ç –µ–≥–æ –≤ –ø–∞—Ä–∞–ª–ª–µ–ª—å–Ω—ã–π –º–∏—Ä, –≥–¥–µ –æ–Ω –≤—Å—Ç—Ä–µ—á–∞–µ—Ç –º–∞–≥–∏—á–µ—Å–∫—É—é –≤–µ—Ä—Å–∏—é –¢–∞—Ç—å—è–Ω—ã...","–ù–∞–ø–∏—à–∏ –∏—Å—Ç–æ—Ä–∏—é –æ —Ç–æ–º, –∫–∞–∫ –ì—ç–Ω–¥–∞–ª—å—Ñ –æ–±–Ω–∞—Ä—É–∂–∏–≤–∞–µ—Ç, —á—Ç–æ –°–∞—É—Ä–æ–Ω ‚Äî —ç—Ç–æ –ª–∏—à—å –º–∞—Ä–∏–æ–Ω–µ—Ç–∫–∞ –≤ —Ä—É–∫–∞—Ö –±–æ–ª–µ–µ –¥—Ä–µ–≤–Ω–µ–≥–æ –∏ –º–æ–≥—É—â–µ—Å—Ç–≤–µ–Ω–Ω–æ–≥–æ –∑–ª–∞...","–ù–∞–ø–∏—à–∏ –∏—Å—Ç–æ—Ä–∏—é –æ —Ç–æ–º, –∫–∞–∫ –ê—Ä—å—è –°—Ç–∞—Ä–∫ –ø–æ–ø–∞–¥–∞–µ—Ç –≤ –ø–∞—Ä–∞–ª–ª–µ–ª—å–Ω—ã–π –º–∏—Ä, –≥–¥–µ –µ—ë —Å–µ–º—å—è –≤—Å—ë –µ—â—ë –∂–∏–≤–∞, –Ω–æ –æ–Ω–∞ –¥–æ–ª–∂–Ω–∞ —Ä–µ—à–∏—Ç—å, –æ—Å—Ç–∞—Ç—å—Å—è –ª–∏ —Ç–∞–º –∏–ª–∏ –≤–µ—Ä–Ω—É—Ç—å—Å—è –≤ —Å–≤–æ–π –º–∏—Ä...","–ù–∞–ø–∏—à–∏ –∏—Å—Ç–æ—Ä–∏—é –æ —Ç–æ–º, –∫–∞–∫ –∫—É–Ω–∞—Ä–∏ –ø—Ä–∏–±—ã–≤–∞—é—Ç –≤ –¢–µ–¥–∞—Å —Å —Ç–∞–π–Ω–æ–π –º–∏—Å—Å–∏–µ–π, –Ω–æ –∏—Ö –ø–ª–∞–Ω—ã —Ä—É—à–∞—Ç—Å—è, –∫–æ–≥–¥–∞ –æ–Ω–∏ —Å—Ç–∞–ª–∫–∏–≤–∞—é—Ç—Å—è —Å –¥—Ä–µ–≤–Ω–∏–º –¥—Ä–∞–∫–æ–Ω–æ–º...","–ù–∞–ø–∏—à–∏ –∏—Å—Ç–æ—Ä–∏—é –æ —Ç–æ–º, –∫–∞–∫ –•—ç –†—ë–Ω –∏ –Æ–Ω –°–æ–Ω –≤—ã–Ω—É–∂–¥–µ–Ω—ã –æ—Ç–ø—Ä–∞–≤–∏—Ç—å—Å—è –≤ –æ–ø–∞—Å–Ω–æ–µ –ø—É—Ç–µ—à–µ—Å—Ç–≤–∏–µ, —á—Ç–æ–±—ã –Ω–∞–π—Ç–∏ –ª–µ–∫–∞—Ä—Å—Ç–≤–æ –æ—Ç —Ç–∞–∏–Ω—Å—Ç–≤–µ–Ω–Ω–æ–π –±–æ–ª–µ–∑–Ω–∏, –ø–æ—Ä–∞–∑–∏–≤—à–µ–π –ö–æ—Ä—ë..."
"–ù–∞–ø–∏—à–∏ –∏—Å—Ç–æ—Ä–∏—é –æ —Ç–æ–º, –∫–∞–∫ –û–Ω–µ–≥–∏–Ω –æ–∫–∞–∑—ã–≤–∞–µ—Ç—Å—è –æ–±–æ—Ä–æ—Ç–Ω–µ–º, –∞ –¢–∞—Ç—å—è–Ω–∞, –æ–±–ª–∞–¥–∞—é—â–∞—è –¥–∞—Ä–æ–º –≤–∏–¥–µ—Ç—å —Å–∫–≤–æ–∑—å –º–∞—Å–∫–∏, –ø–æ–º–æ–≥–∞–µ—Ç –µ–º—É –ø—Ä–∏–Ω—è—Ç—å —Å–≤–æ—é –∏—Å—Ç–∏–Ω–Ω—É—é –ø—Ä–∏—Ä–æ–¥—É...","–ù–∞–ø–∏—à–∏ –∏—Å—Ç–æ—Ä–∏—é –æ —Ç–æ–º, –∫–∞–∫ –ë–æ—Ä–æ–º–∏—Ä –≤—ã–∂–∏–≤–∞–µ—Ç –ø–æ—Å–ª–µ –∞—Ç–∞–∫–∏ —É—Ä—É–∫-—Ö–∞–µ–≤ –∏ –≤–æ–∑–≤—Ä–∞—â–∞–µ—Ç—Å—è, —á—Ç–æ–±—ã –∏—Å–∫—É–ø–∏—Ç—å —Å–≤–æ—é –≤–∏–Ω—É –ø–µ—Ä–µ–¥ –ë—Ä–∞—Ç—Å—Ç–≤–æ–º –ö–æ–ª—å—Ü–∞...","–ù–∞–ø–∏—à–∏ –∏—Å—Ç–æ—Ä–∏—é –æ —Ç–æ–º, –∫–∞–∫ –°–∞–Ω—Å–∞ –°—Ç–∞—Ä–∫ —Å—Ç–∞–Ω–æ–≤–∏—Ç—Å—è –ø—Ä–∞–≤–∏—Ç–µ–ª—å–Ω–∏—Ü–µ–π –°–µ–≤–µ—Ä–∞ –∏ —Å—Ç–∞–ª–∫–∏–≤–∞–µ—Ç—Å—è —Å –∑–∞–≥–æ–≤–æ—Ä–æ–º, –∫–æ—Ç–æ—Ä—ã–π —É–≥—Ä–æ–∂–∞–µ—Ç —Ä–∞–∑—Ä—É—à–∏—Ç—å –≤—Å—ë, —á—Ç–æ –æ–Ω–∞ –ø–æ—Å—Ç—Ä–æ–∏–ª–∞...","–ù–∞–ø–∏—à–∏ –∏—Å—Ç–æ—Ä–∏—é –æ —Ç–æ–º, –∫–∞–∫ –ò–Ω–∫–≤–∏–∑–∏—Ü–∏—è –æ–±–Ω–∞—Ä—É–∂–∏–≤–∞–µ—Ç, —á—Ç–æ –ü–æ—Ä—á–∞ ‚Äî —ç—Ç–æ –Ω–µ –ø—Ä–æ—Å—Ç–æ —É–≥—Ä–æ–∑–∞, –∞ –¥—Ä–µ–≤–Ω–∏–π —Ä–∏—Ç—É–∞–ª, –∫–æ—Ç–æ—Ä—ã–π –∫—Ç–æ-—Ç–æ –ø—ã—Ç–∞–µ—Ç—Å—è –∑–∞–≤–µ—Ä—à–∏—Ç—å...","–ù–∞–ø–∏—à–∏ –∏—Å—Ç–æ—Ä–∏—é –æ —Ç–æ–º, –∫–∞–∫ –•—ç –†—ë–Ω –∏ –Æ–Ω –°–æ–Ω —Å–ª—É—á–∞–π–Ω–æ –Ω–∞—Ö–æ–¥—è—Ç –¥—Ä–µ–≤–Ω–∏–π –∞—Ä—Ç–µ—Ñ–∞–∫—Ç, –∫–æ—Ç–æ—Ä—ã–π –º–æ–∂–µ—Ç –∏–∑–º–µ–Ω–∏—Ç—å —Å—É–¥—å–±—É –ö–æ—Ä—ë, –Ω–æ –µ–≥–æ –∏—Å–ø–æ–ª—å–∑–æ–≤–∞–Ω–∏–µ –≥—Ä–æ–∑–∏—Ç —Ä–∞–∑—Ä—É—à–µ–Ω–∏–µ–º..."
"–ù–∞–ø–∏—à–∏ –∏—Å—Ç–æ—Ä–∏—é –æ —Ç–æ–º, –∫–∞–∫ –û–Ω–µ–≥–∏–Ω –ø—Ä–æ–∫–ª—è—Ç –¥—Ä–µ–≤–Ω–∏–º –∑–∞–∫–ª–∏–Ω–∞–Ω–∏–µ–º, –∏ –¢–∞—Ç—å—è–Ω–∞ —Ä–µ—à–∞–µ—Ç —Å–Ω—è—Ç—å –ø—Ä–æ–∫–ª—è—Ç–∏–µ, –¥–∞–∂–µ –µ—Å–ª–∏ —ç—Ç–æ –±—É–¥–µ—Ç —Å—Ç–æ–∏—Ç—å –µ–π –∂–∏–∑–Ω–∏...","–ù–∞–ø–∏—à–∏ –∏—Å—Ç–æ—Ä–∏—é –æ —Ç–æ–º, –∫–∞–∫ –§—Ä–æ–¥–æ –∏ –°—ç–º –ø–æ–ø–∞–¥–∞—é—Ç –≤ –ø–∞—Ä–∞–ª–ª–µ–ª—å–Ω—ã–π –º–∏—Ä, –≥–¥–µ –ö–æ–ª—å—Ü–æ –Ω–∏–∫–æ–≥–¥–∞ –Ω–µ –±—ã–ª–æ —Å–æ–∑–¥–∞–Ω–æ, –Ω–æ —ç—Ç–æ—Ç –º–∏—Ä –æ–∫–∞–∑—ã–≤–∞–µ—Ç—Å—è –µ—â—ë –±–æ–ª–µ–µ –æ–ø–∞—Å–Ω—ã–º...","–ù–∞–ø–∏—à–∏ –∏—Å—Ç–æ—Ä–∏—é –æ —Ç–æ–º, –∫–∞–∫ –ë—Ä–∞–Ω –°—Ç–∞—Ä–∫ –∏—Å–ø–æ–ª—å–∑—É–µ—Ç —Å–≤–æ–∏ —Å–ø–æ—Å–æ–±–Ω–æ—Å—Ç–∏ —Ç—Ä—ë—Ö–≥–ª–∞–∑–æ–≥–æ –≤–æ—Ä–æ–Ω–∞, —á—Ç–æ–±—ã –ø—Ä–µ–¥–æ—Ç–≤—Ä–∞—Ç–∏—Ç—å –∫–∞—Ç–∞—Å—Ç—Ä–æ—Ñ—É, –Ω–æ —ç—Ç–æ —Ç—Ä–µ–±—É–µ—Ç –æ—Ç –Ω–µ–≥–æ –æ–≥—Ä–æ–º–Ω–æ–π –∂–µ—Ä—Ç–≤—ã...","–ù–∞–ø–∏—à–∏ –∏—Å—Ç–æ—Ä–∏—é –æ —Ç–æ–º, –∫–∞–∫ –º–∞–≥-–æ—Ç—Å—Ç—É–ø–Ω–∏–∫ –∏ —Ä—ã—Ü–∞—Ä—å-—Ç–∞–º–ø–ª–∏–µ—Ä –≤—ã–Ω—É–∂–¥–µ–Ω—ã –æ–±—ä–µ–¥–∏–Ω–∏—Ç—å—Å—è, —á—Ç–æ–±—ã –æ—Å—Ç–∞–Ω–æ–≤–∏—Ç—å –¥–µ–º–æ–Ω–∞, –∫–æ—Ç–æ—Ä—ã–π —É–≥—Ä–æ–∂–∞–µ—Ç —É–Ω–∏—á—Ç–æ–∂–∏—Ç—å –≤–µ—Å—å –û—Ä–∑–∞–º–º–∞—Ä...","–ù–∞–ø–∏—à–∏ –∏—Å—Ç–æ—Ä–∏—é –æ —Ç–æ–º, –∫–∞–∫ –•—ç –†—ë–Ω –∏ –Æ–Ω –°–æ–Ω –æ–∫–∞–∑—ã–≤–∞—é—Ç—Å—è –≤ –ø–ª–µ–Ω—É —É –≤—Ä–∞–≥–æ–≤ –ö–æ—Ä—ë –∏ –¥–æ–ª–∂–Ω—ã –æ–±—ä–µ–¥–∏–Ω–∏—Ç—å—Å—è, —á—Ç–æ–±—ã —Å–±–µ–∂–∞—Ç—å –∏ —Å–ø–∞—Å—Ç–∏ –∫–æ—Ä–æ–ª–µ–≤—Å—Ç–≤–æ..."
"–ù–∞–ø–∏—à–∏ –∏—Å—Ç–æ—Ä–∏—é –æ —Ç–æ–º, –∫–∞–∫ –Ω–∞ –±–∞–ª—É –≤ –¥–æ–º–µ –õ–∞—Ä–∏–Ω—ã—Ö –û–Ω–µ–≥–∏–Ω —Å–ª—É—á–∞–π–Ω–æ –≤—ã–∑—ã–≤–∞–µ—Ç –¥—Ä–µ–≤–Ω–µ–≥–æ –¥—É—Ö–∞, –∫–æ—Ç–æ—Ä—ã–π –º–µ–Ω—è–µ—Ç –µ–≥–æ —Å—É–¥—å–±—É...","–ù–∞–ø–∏—à–∏ –∏—Å—Ç–æ—Ä–∏—é –æ —Ç–æ–º, –∫–∞–∫ –°–∞—É—Ä–æ–Ω –ø—ã—Ç–∞–µ—Ç—Å—è —Å–æ–±–ª–∞–∑–Ω–∏—Ç—å –ì–∞–ª–∞–¥—Ä–∏—ç–ª—å, –ø—Ä–µ–¥–ª–∞–≥–∞—è –µ–π –≤–ª–∞—Å—Ç—å –Ω–∞–¥ –°—Ä–µ–¥–∏–∑–µ–º—å–µ–º, –µ—Å–ª–∏ –æ–Ω–∞ –ø—Ä–∏—Å–æ–µ–¥–∏–Ω–∏—Ç—Å—è –∫ –Ω–µ–º—É...","–ù–∞–ø–∏—à–∏ –∏—Å—Ç–æ—Ä–∏—é –æ —Ç–æ–º, –∫–∞–∫ –°–µ—Ä—Å–µ—è –õ–∞–Ω–Ω–∏—Å—Ç–µ—Ä –∑–∞–∫–ª—é—á–∞–µ—Ç —Å–æ—é–∑ —Å –¥—Ä–µ–≤–Ω–∏–º –º–∞–≥–æ–º, —á—Ç–æ–±—ã —É–¥–µ—Ä–∂–∞—Ç—å –≤–ª–∞—Å—Ç—å, –Ω–æ –º–∞–≥–∏—è –æ–∫–∞–∑—ã–≤–∞–µ—Ç—Å—è –æ–ø–∞—Å–Ω–µ–µ, —á–µ–º –æ–Ω–∞ –æ–∂–∏–¥–∞–ª–∞...","–ù–∞–ø–∏—à–∏ –∏—Å—Ç–æ—Ä–∏—é –æ —Ç–æ–º, –∫–∞–∫ –ò–Ω–∫–≤–∏–∑–∏—Ç–æ—Ä –ø–æ–ø–∞–¥–∞–µ—Ç –≤ –ø–∞—Ä–∞–ª–ª–µ–ª—å–Ω–æ–µ –∏–∑–º–µ—Ä–µ–Ω–∏–µ, –≥–¥–µ –ü–æ—Ä—á–∞ —É–∂–µ –ø–æ–±–µ–¥–∏–ª–∞, –∏ –¥–æ–ª–∂–µ–Ω –Ω–∞–π—Ç–∏ —Å–ø–æ—Å–æ–± –≤–µ—Ä–Ω—É—Ç—å—Å—è –≤ —Å–≤–æ–π –º–∏—Ä...","–ù–∞–ø–∏—à–∏ –∏—Å—Ç–æ—Ä–∏—é –æ —Ç–æ–º, –∫–∞–∫ –•—ç –†—ë–Ω –∏ –Æ–Ω –°–æ–Ω –ø–æ–ø–∞–¥–∞—é—Ç –≤ –ø—Ä–æ—à–ª–æ–µ, –≥–¥–µ –≤—Å—Ç—Ä–µ—á–∞—é—Ç —Å–≤–æ–∏—Ö –ø—Ä–µ–¥–∫–æ–≤ –∏ —É–∑–Ω–∞—é—Ç —Ç–∞–π–Ω—ã, –∫–æ—Ç–æ—Ä—ã–µ –∏–∑–º–µ–Ω—è—Ç –∏—Ö –±—É–¥—É—â–µ–µ..."
"–ù–∞–ø–∏—à–∏ –∏—Å—Ç–æ—Ä–∏—é –æ —Ç–æ–º, –∫–∞–∫ –¥—É—ç–ª—å –º–µ–∂–¥—É –û–Ω–µ–≥–∏–Ω—ã–º –∏ –õ–µ–Ω—Å–∫–∏–º –ø—Ä–µ–≤—Ä–∞—â–∞–µ—Ç—Å—è –≤ –º–∞–≥–∏—á–µ—Å–∫–æ–µ –ø—Ä–æ—Ç–∏–≤–æ—Å—Ç–æ—è–Ω–∏–µ, –≥–¥–µ –∫–∞–∂–¥—ã–π –∏—Å–ø–æ–ª—å–∑—É–µ—Ç –∑–∞–∫–ª–∏–Ω–∞–Ω–∏—è...","–ù–∞–ø–∏—à–∏ –∏—Å—Ç–æ—Ä–∏—é –æ —Ç–æ–º, –∫–∞–∫ —Ö–æ–±–±–∏—Ç—ã –®–∏—Ä–∞ –æ–±–Ω–∞—Ä—É–∂–∏–≤–∞—é—Ç, —á—Ç–æ –ö–æ–ª—å—Ü–æ –≤—Å—ë –µ—â—ë —Å—É—â–µ—Å—Ç–≤—É–µ—Ç, –∏ –¥–æ–ª–∂–Ω—ã –æ—Ç–ø—Ä–∞–≤–∏—Ç—å—Å—è –≤ –Ω–æ–≤–æ–µ –ø—É—Ç–µ—à–µ—Å—Ç–≤–∏–µ, —á—Ç–æ–±—ã —É–Ω–∏—á—Ç–æ–∂–∏—Ç—å –µ–≥–æ...","–ù–∞–ø–∏—à–∏ –∏—Å—Ç–æ—Ä–∏—é –æ —Ç–æ–º, –∫–∞–∫ –î–∂–µ–π–º–µ –õ–∞–Ω–Ω–∏—Å—Ç–µ—Ä –æ—Ç–ø—Ä–∞–≤–ª—è–µ—Ç—Å—è –≤ –ø—É—Ç–µ—à–µ—Å—Ç–≤–∏–µ, —á—Ç–æ–±—ã –∏—Å–∫—É–ø–∏—Ç—å —Å–≤–æ–∏ –≥—Ä–µ—Ö–∏, –Ω–æ —Å—Ç–∞–ª–∫–∏–≤–∞–µ—Ç—Å—è —Å –∏—Å–ø—ã—Ç–∞–Ω–∏—è–º–∏, –∫–æ—Ç–æ—Ä—ã–µ –º–µ–Ω—è—é—Ç –µ–≥–æ –Ω–∞–≤—Å–µ–≥–¥–∞...","–ù–∞–ø–∏—à–∏ –∏—Å—Ç–æ—Ä–∏—é –æ —Ç–æ–º, –∫–∞–∫ –≥—Ä—É–ø–ø–∞ –∞–≤–∞–Ω—Ç—é—Ä–∏—Å—Ç–æ–≤ –Ω–∞—Ö–æ–¥–∏—Ç –¥—Ä–µ–≤–Ω–∏–π –∞—Ä—Ç–µ—Ñ–∞–∫—Ç, –∫–æ—Ç–æ—Ä—ã–π –º–æ–∂–µ—Ç —É–ø—Ä–∞–≤–ª—è—Ç—å –¥—Ä–∞–∫–æ–Ω–∞–º–∏, –Ω–æ –µ–≥–æ –∏—Å–ø–æ–ª—å–∑–æ–≤–∞–Ω–∏–µ –ø—Ä–æ–±—É–∂–¥–∞–µ—Ç –¥—Ä–µ–≤–Ω–µ–µ –∑–ª–æ...","–ù–∞–ø–∏—à–∏ –∏—Å—Ç–æ—Ä–∏—é –æ —Ç–æ–º, –∫–∞–∫ –•—ç –†—ë–Ω –∏ –Æ–Ω –°–æ–Ω —Å—Ç–∞–ª–∫–∏–≤–∞—é—Ç—Å—è —Å –º–∞–≥–∏—á–µ—Å–∫–∏–º —Å—É—â–µ—Å—Ç–≤–æ–º, –∫–æ—Ç–æ—Ä–æ–µ –∏—Å–ø–æ–ª–Ω—è–µ—Ç –∂–µ–ª–∞–Ω–∏—è, –Ω–æ –∫–∞–∂–¥–æ–µ –∏—Å–ø–æ–ª–Ω–µ–Ω–Ω–æ–µ –∂–µ–ª–∞–Ω–∏–µ –∏–º–µ–µ—Ç —Å–≤–æ—é —Ü–µ–Ω—É..."
"–ù–∞–ø–∏—à–∏ –∏—Å—Ç–æ—Ä–∏—é –æ —Ç–æ–º, –∫–∞–∫ –û–Ω–µ–≥–∏–Ω —Å–ª—É—á–∞–π–Ω–æ –æ—Ç–∫—Ä—ã–≤–∞–µ—Ç –ø–æ—Ä—Ç–∞–ª –≤ –¥—Ä—É–≥–æ–π –º–∏—Ä, –≥–¥–µ –º–∞–≥–∏—è ‚Äî —ç—Ç–æ –æ–±—ã—á–Ω–æ–µ —è–≤–ª–µ–Ω–∏–µ, –∏ –æ–Ω –≤—ã–Ω—É–∂–¥–µ–Ω –∞–¥–∞–ø—Ç–∏—Ä–æ–≤–∞—Ç—å—Å—è...","–ù–∞–ø–∏—à–∏ –∏—Å—Ç–æ—Ä–∏—é –æ —Ç–æ–º, –∫–∞–∫ –ê—Ä–∞–≥–æ—Ä–Ω –∏ –ê—Ä–≤–µ–Ω —Å—Ç–∞–ª–∫–∏–≤–∞—é—Ç—Å—è —Å –¥—Ä–µ–≤–Ω–∏–º –ø—Ä–æ–∫–ª—è—Ç–∏–µ–º, –∫–æ—Ç–æ—Ä–æ–µ —É–≥—Ä–æ–∂–∞–µ—Ç —Ä–∞–∑—Ä—É—à–∏—Ç—å –∏—Ö –ª—é–±–æ–≤—å –∏ –±—É–¥—É—â–µ–µ –°—Ä–µ–¥–∏–∑–µ–º—å—è...","–ù–∞–ø–∏—à–∏ –∏—Å—Ç–æ—Ä–∏—é –æ —Ç–æ–º, –∫–∞–∫ –ë—Ä–∏–µ–Ω–Ω–∞ –¢–∞—Ä—Ç –∏ –ü–æ–¥—Ä–∏–∫ –ü–µ–π–Ω –Ω–∞—Ö–æ–¥—è—Ç –¥—Ä–µ–≤–Ω–∏–π –º–µ—á, –∫–æ—Ç–æ—Ä—ã–π –º–æ–∂–µ—Ç –∏–∑–º–µ–Ω–∏—Ç—å –∏—Å—Ö–æ–¥ –≤–æ–π–Ω—ã, –Ω–æ –µ–≥–æ –∏—Å–ø–æ–ª—å–∑–æ–≤–∞–Ω–∏–µ –ø—Ä–æ–±—É–∂–¥–∞–µ—Ç –¥—Ä–µ–≤–Ω–µ–µ –∑–ª–æ...","–ù–∞–ø–∏—à–∏ –∏—Å—Ç–æ—Ä–∏—é –æ —Ç–æ–º, –∫–∞–∫ —ç–ª—å—Ñ-—Ä–∞–±—ã–Ω—è –∏–∑ –¢–µ–≤–∏–Ω—Ç–µ—Ä–∞ —É–∑–Ω–∞—ë—Ç, —á—Ç–æ –æ–Ω–∞ ‚Äî –ø–æ—Ç–æ–º–æ–∫ –¥—Ä–µ–≤–Ω–∏—Ö –±–æ–≥–æ–≤, –∏ –¥–æ–ª–∂–Ω–∞ —Ä–µ—à–∏—Ç—å, –∏—Å–ø–æ–ª—å–∑–æ–≤–∞—Ç—å –ª–∏ —Å–≤–æ—é —Å–∏–ª—É –¥–ª—è –º–µ—Å—Ç–∏ –∏–ª–∏ —Å–ø–∞—Å–µ–Ω–∏—è...","–ù–∞–ø–∏—à–∏ –∏—Å—Ç–æ—Ä–∏—é –æ —Ç–æ–º, –∫–∞–∫ –•—ç –†—ë–Ω –∏ –Æ–Ω –°–æ–Ω –≤—ã–Ω—É–∂–¥–µ–Ω—ã —Å–∫—Ä—ã–≤–∞—Ç—å—Å—è –≤ –¥–µ—Ä–µ–≤–Ω–µ, –≥–¥–µ –æ–Ω–∏ –Ω–∞—á–∏–Ω–∞—é—Ç –Ω–æ–≤—É—é –∂–∏–∑–Ω—å –ø–æ–¥ —á—É–∂–∏–º–∏ –∏–º–µ–Ω–∞–º–∏..."
"–ù–∞–ø–∏—à–∏ –∏—Å—Ç–æ—Ä–∏—é –æ —Ç–æ–º, –∫–∞–∫ –û–Ω–µ–≥–∏–Ω –∏ –¢–∞—Ç—å—è–Ω–∞ –ø–æ–ø–∞–¥–∞—é—Ç –≤ –ø—Ä–æ—à–ª–æ–µ, –≥–¥–µ –≤—Å—Ç—Ä–µ—á–∞—é—Ç —Å–≤–æ–∏—Ö –ø—Ä–µ–¥–∫–æ–≤ –∏ —É–∑–Ω–∞—é—Ç —Ç–∞–π–Ω—ã —Å–≤–æ–µ–≥–æ —Ä–æ–¥–∞...","–ù–∞–ø–∏—à–∏ –∏—Å—Ç–æ—Ä–∏—é –æ —Ç–æ–º, –∫–∞–∫ –ì–æ–ª–ª—É–º –Ω–∞—Ö–æ–¥–∏—Ç —Å–ø–æ—Å–æ–± –≤–µ—Ä–Ω—É—Ç—å –ö–æ–ª—å—Ü–æ, –Ω–æ –µ–≥–æ –ø–ª–∞–Ω—ã —Ä—É—à–∞—Ç—Å—è, –∫–æ–≥–¥–∞ –æ–Ω —Å—Ç–∞–ª–∫–∏–≤–∞–µ—Ç—Å—è —Å –Ω–µ–æ–∂–∏–¥–∞–Ω–Ω—ã–º —Å–æ—é–∑–Ω–∏–∫–æ–º...","–ù–∞–ø–∏—à–∏ –∏—Å—Ç–æ—Ä–∏—é –æ —Ç–æ–º, –∫–∞–∫ –ë–µ–ª—ã–µ –•–æ–¥–æ–∫–∏ –Ω–∞—á–∏–Ω–∞—é—Ç –≤—Ç–æ—Ä–∂–µ–Ω–∏–µ –≤ —é–∂–Ω—ã–µ –∫–æ—Ä–æ–ª–µ–≤—Å—Ç–≤–∞, –∏ –≥–µ—Ä–æ–∏ –¥–æ–ª–∂–Ω—ã –æ–±—ä–µ–¥–∏–Ω–∏—Ç—å—Å—è, —á—Ç–æ–±—ã –æ—Å—Ç–∞–Ω–æ–≤–∏—Ç—å –∏—Ö, –Ω–µ—Å–º–æ—Ç—Ä—è –Ω–∞ —Å–≤–æ–∏ —Ä–∞–∑–Ω–æ–≥–ª–∞—Å–∏—è...","–ù–∞–ø–∏—à–∏ –∏—Å—Ç–æ—Ä–∏—é –æ —Ç–æ–º, –∫–∞–∫ –ò–Ω–∫–≤–∏–∑–∏—Ü–∏—è —Å—Ç–∞–ª–∫–∏–≤–∞–µ—Ç—Å—è —Å –Ω–æ–≤–æ–π —É–≥—Ä–æ–∑–æ–π ‚Äî –≥—Ä—É–ø–ø–æ–π –º–∞–≥–æ–≤, –∫–æ—Ç–æ—Ä—ã–µ —Ö–æ—Ç—è—Ç –∏—Å–ø–æ–ª—å–∑–æ–≤–∞—Ç—å –ü–æ—Ä—á—É –¥–ª—è —Å–æ–∑–¥–∞–Ω–∏—è –Ω–æ–≤–æ–≥–æ –º–∏—Ä–∞...","–ù–∞–ø–∏—à–∏ –∏—Å—Ç–æ—Ä–∏—é –æ —Ç–æ–º, –∫–∞–∫ –•—ç –†—ë–Ω –∏ –Æ–Ω –°–æ–Ω –æ–±–Ω–∞—Ä—É–∂–∏–≤–∞—é—Ç, —á—Ç–æ –∏—Ö —Å—É–¥—å–±—ã —Å–≤—è–∑–∞–Ω—ã –¥—Ä–µ–≤–Ω–∏–º –ø—Ä–æ—Ä–æ—á–µ—Å—Ç–≤–æ–º, –∏ –æ–Ω–∏ –¥–æ–ª–∂–Ω—ã –ø—Ä–µ–¥–æ—Ç–≤—Ä–∞—Ç–∏—Ç—å –∫–∞—Ç–∞—Å—Ç—Ä–æ—Ñ—É..."
